benchmark,group,mode,size,selectivity,samples,inner_repeats,warmup,warmup_us,median_us,p95_us,min_us,max_us,total_us,measured_total_us,ops_per_sec,op_unit,commit,compiler,cflags,opt_level,date_utc
intern_distinct_symbols,ingestion,distinct,1,1.000000,1000,31,457974,300000.125000,0.016129,0.020129,0.008065,0.026871,15.928226,493.775000,62781631.309807,symbols/sec,8a120be7c8408327512ed88a4fcb83736fe7a6b3,Apple_clang_version_17.0.0__clang-1700.0.13.5_,-Wall_-Wextra_-g_-I._-O2,-O2,2026-06-21T08:19:50Z
reintern_existing_symbols,ingestion,reintern,1,1.000000,1000,63,569979,300000.250000,0.013937,0.017937,0.007254,0.185206,14.422571,908.622000,69335763.386755,symbols/sec,8a120be7c8408327512ed88a4fcb83736fe7a6b3,Apple_clang_version_17.0.0__clang-1700.0.13.5_,-Wall_-Wextra_-g_-I._-O2,-O2,2026-06-21T08:19:50Z
mixed_intern_symbols,ingestion,mixed,1,1.000000,1000,127,521440,300000.042000,0.016417,0.022315,0.003945,0.049205,16.413780,2084.550000,60924420.138639,symbols/sec,8a120be7c8408327512ed88a4fcb83736fe7a6b3,Apple_clang_version_17.0.0__clang-1700.0.13.5_,-Wall_-Wextra_-g_-I._-O2,-O2,2026-06-21T08:19:50Z
intern_distinct_symbols,ingestion,distinct,8,1.000000,1000,15,315117,300000.917000,0.097200,0.100067,0.088933,0.922200,98.253867,1473.808000,81421732.003084,symbols/sec,8a120be7c8408327512ed88a4fcb83736fe7a6b3,Apple_clang_version_17.0.0__clang-1700.0.13.5_,-Wall_-Wextra_-g_-I._-O2,-O2,2026-06-21T08:19:50Z
reintern_existing_symbols,ingestion,reintern,8,1.000000,1000,15,279445,300000.583000,0.097267,0.102867,0.088800,0.630600,100.447667,1506.715000,79643462.765022,symbols/sec,8a120be7c8408327512ed88a4fcb83736fe7a6b3,Apple_clang_version_17.0.0__clang-1700.0.13.5_,-Wall_-Wextra_-g_-I._-O2,-O2,2026-06-21T08:19:50Z
mixed_intern_symbols,ingestion,mixed,8,1.000000,1000,15,286394,300000.458000,0.091667,0.097267,0.077667,0.608400,92.277267,1384.159000,86695242.381836,symbols/sec,8a120be7c8408327512ed88a4fcb83736fe7a6b3,Apple_clang_version_17.0.0__clang-1700.0.13.5_,-Wall_-Wextra_-g_-I._-O2,-O2,2026-06-21T08:19:50Z
intern_distinct_symbols,ingestion,distinct,16,1.000000,1000,7,156824,300002.084000,0.178714,0.208286,0.160143,0.250000,181.940000,1273.580000,87941079.476751,symbols/sec,8a120be7c8408327512ed88a4fcb83736fe7a6b3,Apple_clang_version_17.0.0__clang-1700.0.13.5_,-Wall_-Wextra_-g_-I._-O2,-O2,2026-06-21T08:19:50Z
reintern_existing_symbols,ingestion,reintern,16,1.000000,1000,7,139292,300001.084000,0.178714,0.196571,0.160714,0.249857,181.007857,1267.055000,88393952.906543,symbols/sec,8a120be7c8408327512ed88a4fcb83736fe7a6b3,Apple_clang_version_17.0.0__clang-1700.0.13.5_,-Wall_-Wextra_-g_-I._-O2,-O2,2026-06-21T08:19:50Z
mixed_intern_symbols,ingestion,mixed,16,1.000000,1000,7,151154,300000.333000,0.196286,0.208571,0.167000,2.208429,201.555857,1410.891000,79382461.153980,symbols/sec,8a120be7c8408327512ed88a4fcb83736fe7a6b3,Apple_clang_version_17.0.0__clang-1700.0.13.5_,-Wall_-Wextra_-g_-I._-O2,-O2,2026-06-21T08:19:50Z
intern_distinct_symbols,ingestion,distinct,32,1.000000,1000,3,98221,300001.417000,0.347333,0.361333,0.319000,4.139333,353.324667,1059.974000,90568259.221453,symbols/sec,8a120be7c8408327512ed88a4fcb83736fe7a6b3,Apple_clang_version_17.0.0__clang-1700.0.13.5_,-Wall_-Wextra_-g_-I._-O2,-O2,2026-06-21T08:19:50Z
reintern_existing_symbols,ingestion,reintern,32,1.000000,1000,3,86255,300002.709000,0.333333,0.375000,0.305667,4.944333,356.149333,1068.448000,89849950.582527,symbols/sec,8a120be7c8408327512ed88a4fcb83736fe7a6b3,Apple_clang_version_17.0.0__clang-1700.0.13.5_,-Wall_-Wextra_-g_-I._-O2,-O2,2026-06-21T08:19:50Z
mixed_intern_symbols,ingestion,mixed,32,1.000000,1000,3,99263,300000.042000,0.361000,0.388667,0.333000,2.027333,368.566333,1105.699000,86822905.691332,symbols/sec,8a120be7c8408327512ed88a4fcb83736fe7a6b3,Apple_clang_version_17.0.0__clang-1700.0.13.5_,-Wall_-Wextra_-g_-I._-O2,-O2,2026-06-21T08:19:50Z
intern_distinct_symbols,ingestion,distinct,64,1.000000,1000,3,60269,300004.875000,0.694667,0.722000,0.666000,2.291667,701.867000,2105.601000,91185367.028226,symbols/sec,8a120be7c8408327512ed88a4fcb83736fe7a6b3,Apple_clang_version_17.0.0__clang-1700.0.13.5_,-Wall_-Wextra_-g_-I._-O2,-O2,2026-06-21T08:19:50Z
reintern_existing_symbols,ingestion,reintern,64,1.000000,1000,1,52924,300001.666000,0.667000,0.709000,0.625000,0.834000,679.743000,679.743000,94153231.441883,symbols/sec,8a120be7c8408327512ed88a4fcb83736fe7a6b3,Apple_clang_version_17.0.0__clang-1700.0.13.5_,-Wall_-Wextra_-g_-I._-O2,-O2,2026-06-21T08:19:50Z
mixed_intern_symbols,ingestion,mixed,64,1.000000,1000,3,56347,300003.458000,0.708000,0.709000,0.680000,4.403000,715.101333,2145.304000,89497805.439229,symbols/sec,8a120be7c8408327512ed88a4fcb83736fe7a6b3,Apple_clang_version_17.0.0__clang-1700.0.13.5_,-Wall_-Wextra_-g_-I._-O2,-O2,2026-06-21T08:19:50Z
intern_distinct_symbols,ingestion,distinct,128,1.000000,1000,1,31458,300000.041000,1.375000,1.417000,1.333000,1.875000,1387.728000,1387.728000,92237095.453864,symbols/sec,8a120be7c8408327512ed88a4fcb83736fe7a6b3,Apple_clang_version_17.0.0__clang-1700.0.13.5_,-Wall_-Wextra_-g_-I._-O2,-O2,2026-06-21T08:19:50Z
reintern_existing_symbols,ingestion,reintern,128,1.000000,1000,1,27402,300002.292000,1.333000,1.334000,1.250000,9.667000,1340.364000,1340.364000,95496447.233737,symbols/sec,8a120be7c8408327512ed88a4fcb83736fe7a6b3,Apple_clang_version_17.0.0__clang-1700.0.13.5_,-Wall_-Wextra_-g_-I._-O2,-O2,2026-06-21T08:19:50Z
mixed_intern_symbols,ingestion,mixed,128,1.000000,1000,1,28502,300000.959000,1.458000,1.459000,1.375000,2.042000,1457.960000,1457.960000,87793903.810804,symbols/sec,8a120be7c8408327512ed88a4fcb83736fe7a6b3,Apple_clang_version_17.0.0__clang-1700.0.13.5_,-Wall_-Wextra_-g_-I._-O2,-O2,2026-06-21T08:19:50Z
intern_distinct_symbols,ingestion,distinct,256,1.000000,1000,1,15937,300014.416000,2.958000,3.042000,2.875000,13.792000,3004.462000,3004.462000,85206602.712898,symbols/sec,8a120be7c8408327512ed88a4fcb83736fe7a6b3,Apple_clang_version_17.0.0__clang-1700.0.13.5_,-Wall_-Wextra_-g_-I._-O2,-O2,2026-06-21T08:19:50Z
reintern_existing_symbols,ingestion,reintern,256,1.000000,1000,1,13552,300000.625000,2.958000,3.125000,2.875000,12.208000,3055.620000,3055.620000,83780051.184375,symbols/sec,8a120be7c8408327512ed88a4fcb83736fe7a6b3,Apple_clang_version_17.0.0__clang-1700.0.13.5_,-Wall_-Wextra_-g_-I._-O2,-O2,2026-06-21T08:19:50Z
mixed_intern_symbols,ingestion,mixed,256,1.000000,1000,1,14770,300012.459000,2.875000,2.959000,2.792000,13.541000,2933.708000,2933.708000,87261581.588897,symbols/sec,8a120be7c8408327512ed88a4fcb83736fe7a6b3,Apple_clang_version_17.0.0__clang-1700.0.13.5_,-Wall_-Wextra_-g_-I._-O2,-O2,2026-06-21T08:19:50Z
intern_distinct_symbols,ingestion,distinct,512,1.000000,1000,1,7883,300005.834000,6.708000,6.875000,6.583000,26.334000,6799.039000,6799.039000,75304759.981521,symbols/sec,8a120be7c8408327512ed88a4fcb83736fe7a6b3,Apple_clang_version_17.0.0__clang-1700.0.13.5_,-Wall_-Wextra_-g_-I._-O2,-O2,2026-06-21T08:19:50Z
reintern_existing_symbols,ingestion,reintern,512,1.000000,1000,1,6681,300039.292000,6.917000,7.125000,6.875000,12.417000,6966.261000,6966.261000,73497102.678180,symbols/sec,8a120be7c8408327512ed88a4fcb83736fe7a6b3,Apple_clang_version_17.0.0__clang-1700.0.13.5_,-Wall_-Wextra_-g_-I._-O2,-O2,2026-06-21T08:19:50Z
mixed_intern_symbols,ingestion,mixed,512,1.000000,1000,1,7317,300032.333000,6.792000,6.917000,6.625000,11.458000,6827.251000,6827.251000,74993580.871715,symbols/sec,8a120be7c8408327512ed88a4fcb83736fe7a6b3,Apple_clang_version_17.0.0__clang-1700.0.13.5_,-Wall_-Wextra_-g_-I._-O2,-O2,2026-06-21T08:19:50Z
edb_symbol_id_insert,ingestion,unit_unary,1,1.000000,1000,31,474155,300000.500000,0.028226,0.030935,0.013419,0.383000,28.744968,891.094000,34788697.937591,facts/sec,8a120be7c8408327512ed88a4fcb83736fe7a6b3,Apple_clang_version_17.0.0__clang-1700.0.13.5_,-Wall_-Wextra_-g_-I._-O2,-O2,2026-06-21T08:19:50Z
edb_symbol_id_insert,ingestion,batch_unary,1,1.000000,1000,63,461185,300000.125000,0.024460,0.027143,0.017921,0.108365,24.495841,1543.238000,40823256.036982,facts/sec,8a120be7c8408327512ed88a4fcb83736fe7a6b3,Apple_clang_version_17.0.0__clang-1700.0.13.5_,-Wall_-Wextra_-g_-I._-O2,-O2,2026-06-21T08:19:50Z
edb_symbol_id_insert,ingestion,unit_binary,1,1.000000,1000,31,431538,300008.333000,0.026839,0.030935,0.020161,0.039000,26.642806,825.927000,37533583.476506,facts/sec,8a120be7c8408327512ed88a4fcb83736fe7a6b3,Apple_clang_version_17.0.0__clang-1700.0.13.5_,-Wall_-Wextra_-g_-I._-O2,-O2,2026-06-21T08:19:50Z
edb_symbol_id_insert,ingestion,batch_binary,1,1.000000,1000,31,292521,300000.000000,0.024258,0.029645,0.012161,0.252677,24.866903,770.874000,40214094.651007,facts/sec,8a120be7c8408327512ed88a4fcb83736fe7a6b3,Apple_clang_version_17.0.0__clang-1700.0.13.5_,-Wall_-Wextra_-g_-I._-O2,-O2,2026-06-21T08:19:50Z
edb_runtime_string_insert,ingestion,unit_unary,1,1.000000,1000,15,290745,300000.084000,0.044400,0.049933,0.036067,0.472467,44.903133,673.547000,22270160.805408,facts/sec,8a120be7c8408327512ed88a4fcb83736fe7a6b3,Apple_clang_version_17.0.0__clang-1700.0.13.5_,-Wall_-Wextra_-g_-I._-O2,-O2,2026-06-21T08:19:50Z
edb_runtime_string_insert,ingestion,batch_unary,1,1.000000,1000,15,274128,300005.875000,0.052867,0.061067,0.041533,0.883267,54.656000,819.840000,18296252.927400,facts/sec,8a120be7c8408327512ed88a4fcb83736fe7a6b3,Apple_clang_version_17.0.0__clang-1700.0.13.5_,-Wall_-Wextra_-g_-I._-O2,-O2,2026-06-21T08:19:50Z
edb_runtime_string_pair_insert,ingestion,composed_unit_binary,1,1.000000,1000,31,524128,300000.042000,0.055129,0.061839,0.047000,0.275613,56.149742,1740.642000,17809520.854949,facts/sec,8a120be7c8408327512ed88a4fcb83736fe7a6b3,Apple_clang_version_17.0.0__clang-1700.0.13.5_,-Wall_-Wextra_-g_-I._-O2,-O2,2026-06-21T08:19:50Z
edb_runtime_string_pair_insert,ingestion,batch_binary,1,1.000000,1000,15,411771,300000.625000,0.063867,0.072200,0.047267,0.089000,64.103067,961.546000,15599877.696959,facts/sec,8a120be7c8408327512ed88a4fcb83736fe7a6b3,Apple_clang_version_17.0.0__clang-1700.0.13.5_,-Wall_-Wextra_-g_-I._-O2,-O2,2026-06-21T08:19:50Z
edb_symbol_id_insert,ingestion,unit_unary,8,1.000000,1000,3,131535,300000.458000,0.333333,0.333667,0.292000,0.417000,329.342667,988.028000,24290809.572198,facts/sec,8a120be7c8408327512ed88a4fcb83736fe7a6b3,Apple_clang_version_17.0.0__clang-1700.0.13.5_,-Wall_-Wextra_-g_-I._-O2,-O2,2026-06-21T08:19:50Z
edb_symbol_id_insert,ingestion,batch_unary,8,1.000000,1000,7,166230,300001.250000,0.208429,0.232143,0.202286,0.250000,213.009286,1491.065000,37557048.150148,facts/sec,8a120be7c8408327512ed88a4fcb83736fe7a6b3,Apple_clang_version_17.0.0__clang-1700.0.13.5_,-Wall_-Wextra_-g_-I._-O2,-O2,2026-06-21T08:19:50Z
edb_symbol_id_insert,ingestion,unit_binary,8,1.000000,1000,3,163688,300001.208000,0.305667,0.319667,0.277667,0.361333,306.388667,919.166000,26110626.372168,facts/sec,8a120be7c8408327512ed88a4fcb83736fe7a6b3,Apple_clang_version_17.0.0__clang-1700.0.13.5_,-Wall_-Wextra_-g_-I._-O2,-O2,2026-06-21T08:19:50Z
edb_symbol_id_insert,ingestion,batch_binary,8,1.000000,1000,3,172340,300000.916000,0.222000,0.222667,0.194000,2.041667,218.467000,655.401000,36618802.839788,facts/sec,8a120be7c8408327512ed88a4fcb83736fe7a6b3,Apple_clang_version_17.0.0__clang-1700.0.13.5_,-Wall_-Wextra_-g_-I._-O2,-O2,2026-06-21T08:19:50Z
edb_runtime_string_insert,ingestion,unit_unary,8,1.000000,1000,3,161252,300001.250000,0.416667,0.430667,0.402333,0.458667,417.219000,1251.657000,19174582.173870,facts/sec,8a120be7c8408327512ed88a4fcb83736fe7a6b3,Apple_clang_version_17.0.0__clang-1700.0.13.5_,-Wall_-Wextra_-g_-I._-O2,-O2,2026-06-21T08:19:50Z
edb_runtime_string_insert,ingestion,batch_unary,8,1.000000,1000,3,150186,300001.041000,0.319333,0.333333,0.291000,1.555667,320.901667,962.705000,24929755.220966,facts/sec,8a120be7c8408327512ed88a4fcb83736fe7a6b3,Apple_clang_version_17.0.0__clang-1700.0.13.5_,-Wall_-Wextra_-g_-I._-O2,-O2,2026-06-21T08:19:50Z
edb_runtime_string_pair_insert,ingestion,composed_unit_binary,8,1.000000,1000,1,126632,300000.666000,0.500000,0.500000,0.458000,0.709000,493.340000,493.340000,16215997.081121,facts/sec,8a120be7c8408327512ed88a4fcb83736fe7a6b3,Apple_clang_version_17.0.0__clang-1700.0.13.5_,-Wall_-Wextra_-g_-I._-O2,-O2,2026-06-21T08:19:50Z
edb_runtime_string_pair_insert,ingestion,batch_binary,8,1.000000,1000,1,130971,300000.834000,0.416000,0.417000,0.333000,0.584000,401.145000,401.145000,19942913.410363,facts/sec,8a120be7c8408327512ed88a4fcb83736fe7a6b3,Apple_clang_version_17.0.0__clang-1700.0.13.5_,-Wall_-Wextra_-g_-I._-O2,-O2,2026-06-21T08:19:50Z
edb_symbol_id_insert,ingestion,unit_unary,16,1.000000,1000,1,76911,300002.292000,0.833000,0.834000,0.791000,11.750000,851.041000,851.041000,18800504.323528,facts/sec,8a120be7c8408327512ed88a4fcb83736fe7a6b3,Apple_clang_version_17.0.0__clang-1700.0.13.5_,-Wall_-Wextra_-g_-I._-O2,-O2,2026-06-21T08:19:50Z
edb_symbol_id_insert,ingestion,batch_unary,16,1.000000,1000,1,88970,300001.625000,0.625000,0.750000,0.541000,1.000000,632.747000,632.747000,25286567.933155,facts/sec,8a120be7c8408327512ed88a4fcb83736fe7a6b3,Apple_clang_version_17.0.0__clang-1700.0.13.5_,-Wall_-Wextra_-g_-I._-O2,-O2,2026-06-21T08:19:50Z
edb_symbol_id_insert,ingestion,unit_binary,16,1.000000,1000,1,76476,300002.250000,0.792000,0.792000,0.708000,1.000000,782.661000,782.661000,20443078.165387,facts/sec,8a120be7c8408327512ed88a4fcb83736fe7a6b3,Apple_clang_version_17.0.0__clang-1700.0.13.5_,-Wall_-Wextra_-g_-I._-O2,-O2,2026-06-21T08:19:50Z
edb_symbol_id_insert,ingestion,batch_binary,16,1.000000,1000,1,84967,300002.667000,0.625000,0.625000,0.542000,0.750000,611.721000,611.721000,26155714.778469,facts/sec,8a120be7c8408327512ed88a4fcb83736fe7a6b3,Apple_clang_version_17.0.0__clang-1700.0.13.5_,-Wall_-Wextra_-g_-I._-O2,-O2,2026-06-21T08:19:50Z
edb_runtime_string_insert,ingestion,unit_unary,16,1.000000,1000,1,88153,300000.417000,1.000000,1.042000,0.916000,1.167000,1011.211000,1011.211000,15822612.689142,facts/sec,8a120be7c8408327512ed88a4fcb83736fe7a6b3,Apple_clang_version_17.0.0__clang-1700.0.13.5_,-Wall_-Wextra_-g_-I._-O2,-O2,2026-06-21T08:19:50Z
edb_runtime_string_insert,ingestion,batch_unary,16,1.000000,1000,1,95399,300002.750000,0.792000,0.834000,0.750000,0.959000,801.382000,801.382000,19965509.582197,facts/sec,8a120be7c8408327512ed88a4fcb83736fe7a6b3,Apple_clang_version_17.0.0__clang-1700.0.13.5_,-Wall_-Wextra_-g_-I._-O2,-O2,2026-06-21T08:19:50Z
edb_runtime_string_pair_insert,ingestion,composed_unit_binary,16,1.000000,1000,1,85838,300002.291000,1.166000,1.167000,1.083000,1.292000,1153.755000,1153.755000,13867762.219882,facts/sec,8a120be7c8408327512ed88a4fcb83736fe7a6b3,Apple_clang_version_17.0.0__clang-1700.0.13.5_,-Wall_-Wextra_-g_-I._-O2,-O2,2026-06-21T08:19:50Z
edb_runtime_string_pair_insert,ingestion,batch_binary,16,1.000000,1000,1,88324,300000.667000,0.958000,1.000000,0.916000,10.708000,1011.030000,1011.030000,15825445.337923,facts/sec,8a120be7c8408327512ed88a4fcb83736fe7a6b3,Apple_clang_version_17.0.0__clang-1700.0.13.5_,-Wall_-Wextra_-g_-I._-O2,-O2,2026-06-21T08:19:50Z
edb_symbol_id_insert,ingestion,unit_unary,32,1.000000,1000,1,40238,300001.041000,2.292000,2.375000,2.250000,15.708000,2384.875000,2384.875000,13417894.019603,facts/sec,8a120be7c8408327512ed88a4fcb83736fe7a6b3,Apple_clang_version_17.0.0__clang-1700.0.13.5_,-Wall_-Wextra_-g_-I._-O2,-O2,2026-06-21T08:19:50Z
edb_symbol_id_insert,ingestion,batch_unary,32,1.000000,1000,1,42756,300003.917000,1.875000,1.958000,1.833000,11.083000,1898.669000,1898.669000,16853911.871948,facts/sec,8a120be7c8408327512ed88a4fcb83736fe7a6b3,Apple_clang_version_17.0.0__clang-1700.0.13.5_,-Wall_-Wextra_-g_-I._-O2,-O2,2026-06-21T08:19:50Z
edb_symbol_id_insert,ingestion,unit_binary,32,1.000000,1000,1,41447,300002.292000,2.208000,2.292000,2.125000,13.542000,2268.875000,2268.875000,14103906.120875,facts/sec,8a120be7c8408327512ed88a4fcb83736fe7a6b3,Apple_clang_version_17.0.0__clang-1700.0.13.5_,-Wall_-Wextra_-g_-I._-O2,-O2,2026-06-21T08:19:50Z
edb_symbol_id_insert,ingestion,batch_binary,32,1.000000,1000,1,41370,300000.125000,1.875000,2.000000,1.791000,15.791000,1955.575000,1955.575000,16363473.658643,facts/sec,8a120be7c8408327512ed88a4fcb83736fe7a6b3,Apple_clang_version_17.0.0__clang-1700.0.13.5_,-Wall_-Wextra_-g_-I._-O2,-O2,2026-06-21T08:19:50Z
edb_runtime_string_insert,ingestion,unit_unary,32,1.000000,1000,1,39295,300002.500000,2.666000,2.792000,2.583000,16.666000,2734.033000,2734.033000,11704321.052453,facts/sec,8a120be7c8408327512ed88a4fcb83736fe7a6b3,Apple_clang_version_17.0.0__clang-1700.0.13.5_,-Wall_-Wextra_-g_-I._-O2,-O2,2026-06-21T08:19:50Z
edb_runtime_string_insert,ingestion,batch_unary,32,1.000000,1000,1,42112,300006.875000,2.209000,2.292000,2.166000,9.667000,2246.079000,2246.079000,14247050.081498,facts/sec,8a120be7c8408327512ed88a4fcb83736fe7a6b3,Apple_clang_version_17.0.0__clang-1700.0.13.5_,-Wall_-Wextra_-g_-I._-O2,-O2,2026-06-21T08:19:50Z
edb_runtime_string_pair_insert,ingestion,composed_unit_binary,32,1.000000,1000,1,39961,300000.375000,2.959000,3.000000,2.916000,3.125000,2978.668000,2978.668000,10743056.963717,facts/sec,8a120be7c8408327512ed88a4fcb83736fe7a6b3,Apple_clang_version_17.0.0__clang-1700.0.13.5_,-Wall_-Wextra_-g_-I._-O2,-O2,2026-06-21T08:19:50Z
edb_runtime_string_pair_insert,ingestion,batch_binary,32,1.000000,1000,1,42735,300000.417000,2.583000,2.625000,2.500000,6.542000,2592.988000,2592.988000,12340974.967875,facts/sec,8a120be7c8408327512ed88a4fcb83736fe7a6b3,Apple_clang_version_17.0.0__clang-1700.0.13.5_,-Wall_-Wextra_-g_-I._-O2,-O2,2026-06-21T08:19:50Z
edb_symbol_id_insert,ingestion,unit_unary,64,1.000000,1000,1,17949,300019.083000,7.292000,7.375000,7.208000,21.625000,7434.988000,7434.988000,8607949.333610,facts/sec,8a120be7c8408327512ed88a4fcb83736fe7a6b3,Apple_clang_version_17.0.0__clang-1700.0.13.5_,-Wall_-Wextra_-g_-I._-O2,-O2,2026-06-21T08:19:50Z
edb_symbol_id_insert,ingestion,batch_unary,64,1.000000,1000,1,18941,300010.333000,6.417000,6.459000,6.333000,18.083000,6479.914000,6479.914000,9876674.289196,facts/sec,8a120be7c8408327512ed88a4fcb83736fe7a6b3,Apple_clang_version_17.0.0__clang-1700.0.13.5_,-Wall_-Wextra_-g_-I._-O2,-O2,2026-06-21T08:19:50Z
edb_symbol_id_insert,ingestion,unit_binary,64,1.000000,1000,1,18031,300012.833000,7.000000,7.292000,6.916000,22.375000,7197.548000,7197.548000,8891917.080650,facts/sec,8a120be7c8408327512ed88a4fcb83736fe7a6b3,Apple_clang_version_17.0.0__clang-1700.0.13.5_,-Wall_-Wextra_-g_-I._-O2,-O2,2026-06-21T08:19:50Z
edb_symbol_id_insert,ingestion,batch_binary,64,1.000000,1000,1,18477,300013.292000,6.333000,6.625000,6.250000,19.500000,6433.317000,6433.317000,9948211.785615,facts/sec,8a120be7c8408327512ed88a4fcb83736fe7a6b3,Apple_clang_version_17.0.0__clang-1700.0.13.5_,-Wall_-Wextra_-g_-I._-O2,-O2,2026-06-21T08:19:50Z
edb_runtime_string_insert,ingestion,unit_unary,64,1.000000,1000,1,18031,300012.917000,7.875000,8.042000,7.791000,16.084000,7933.374000,7933.374000,8067185.537956,facts/sec,8a120be7c8408327512ed88a4fcb83736fe7a6b3,Apple_clang_version_17.0.0__clang-1700.0.13.5_,-Wall_-Wextra_-g_-I._-O2,-O2,2026-06-21T08:19:50Z
edb_runtime_string_insert,ingestion,batch_unary,64,1.000000,1000,1,18771,300001.750000,7.000000,7.042000,6.916000,21.083000,7119.754000,7119.754000,8989074.622522,facts/sec,8a120be7c8408327512ed88a4fcb83736fe7a6b3,Apple_clang_version_17.0.0__clang-1700.0.13.5_,-Wall_-Wextra_-g_-I._-O2,-O2,2026-06-21T08:19:50Z
edb_runtime_string_pair_insert,ingestion,composed_unit_binary,64,1.000000,1000,1,17294,300008.667000,8.500000,8.750000,8.375000,25.542000,8827.331000,8827.331000,7250209.604693,facts/sec,8a120be7c8408327512ed88a4fcb83736fe7a6b3,Apple_clang_version_17.0.0__clang-1700.0.13.5_,-Wall_-Wextra_-g_-I._-O2,-O2,2026-06-21T08:19:50Z
edb_runtime_string_pair_insert,ingestion,batch_binary,64,1.000000,1000,1,18080,300014.375000,7.833000,8.125000,7.458000,17.375000,7936.811000,7936.811000,8063692.079854,facts/sec,8a120be7c8408327512ed88a4fcb83736fe7a6b3,Apple_clang_version_17.0.0__clang-1700.0.13.5_,-Wall_-Wextra_-g_-I._-O2,-O2,2026-06-21T08:19:50Z
solver_predicate_dense_ranges,solver,selectivity_1pct,800,0.010000,1000,1,500,356589.208000,27.000000,30.084000,25.083000,45.375000,27357.385000,27357.385000,36553.201265,solve_calls/sec,8a120be7c8408327512ed88a4fcb83736fe7a6b3,Apple_clang_version_17.0.0__clang-1700.0.13.5_,-Wall_-Wextra_-g_-I._-O2,-O2,2026-06-21T08:19:50Z
solver_predicate_dense_ranges,solver,selectivity_10pct,640,0.100000,1000,1,527,300459.791000,95.395500,110.417000,90.209000,213.875000,97370.249000,97370.249000,10270.077465,solve_calls/sec,8a120be7c8408327512ed88a4fcb83736fe7a6b3,Apple_clang_version_17.0.0__clang-1700.0.13.5_,-Wall_-Wextra_-g_-I._-O2,-O2,2026-06-21T08:19:50Z
solver_predicate_dense_ranges,solver,selectivity_50pct,128,0.500000,1000,1,4142,300061.125000,27.417000,35.291000,26.959000,56.542000,28930.042000,28930.042000,34566.144080,solve_calls/sec,8a120be7c8408327512ed88a4fcb83736fe7a6b3,Apple_clang_version_17.0.0__clang-1700.0.13.5_,-Wall_-Wextra_-g_-I._-O2,-O2,2026-06-21T08:19:50Z
solver_predicate_dense_ranges,solver,selectivity_100pct,64,1.000000,1000,1,7075,300032.375000,19.834000,22.459000,19.208000,107.291000,20260.290000,20260.290000,49357.635059,solve_calls/sec,8a120be7c8408327512ed88a4fcb83736fe7a6b3,Apple_clang_version_17.0.0__clang-1700.0.13.5_,-Wall_-Wextra_-g_-I._-O2,-O2,2026-06-21T08:19:50Z
solver_predicate_dense_ranges,solver,noise_total,64,0.125000,1000,1,9149,300023.375000,5.250000,6.541000,5.041000,14.084000,5471.342000,5471.342000,182770.515899,solve_calls/sec,8a120be7c8408327512ed88a4fcb83736fe7a6b3,Apple_clang_version_17.0.0__clang-1700.0.13.5_,-Wall_-Wextra_-g_-I._-O2,-O2,2026-06-21T08:19:50Z
solver_predicate_dense_ranges,solver,noise_total,128,0.125000,1000,1,5302,300024.792000,9.208000,11.375000,9.000000,31.666000,9501.492000,9501.492000,105246.628635,solve_calls/sec,8a120be7c8408327512ed88a4fcb83736fe7a6b3,Apple_clang_version_17.0.0__clang-1700.0.13.5_,-Wall_-Wextra_-g_-I._-O2,-O2,2026-06-21T08:19:50Z
solver_predicate_dense_ranges,solver,noise_total,256,0.062500,1000,1,2359,300110.458000,15.167000,16.208000,14.084000,77.125000,15308.572000,15308.572000,65322.879234,solve_calls/sec,8a120be7c8408327512ed88a4fcb83736fe7a6b3,Apple_clang_version_17.0.0__clang-1700.0.13.5_,-Wall_-Wextra_-g_-I._-O2,-O2,2026-06-21T08:19:50Z
solver_predicate_dense_ranges,solver,noise_total,512,0.031250,1000,1,857,300059.500000,26.000000,30.334000,24.625000,63.833000,26475.657000,26475.657000,37770.545222,solve_calls/sec,8a120be7c8408327512ed88a4fcb83736fe7a6b3,Apple_clang_version_17.0.0__clang-1700.0.13.5_,-Wall_-Wextra_-g_-I._-O2,-O2,2026-06-21T08:19:50Z
solver_predicate_dense_ranges,solver,noise_total,960,0.016667,1000,1,500,499157.708000,45.708000,53.041000,42.375000,116.083000,46546.297000,46546.297000,21483.986148,solve_calls/sec,8a120be7c8408327512ed88a4fcb83736fe7a6b3,Apple_clang_version_17.0.0__clang-1700.0.13.5_,-Wall_-Wextra_-g_-I._-O2,-O2,2026-06-21T08:19:50Z
solver_predicate_dense_ranges,solver,absent_predicate,512,0.000000,1000,1,21431,300000.042000,3.291000,3.292000,3.208000,12.500000,3316.769000,3316.769000,301498.235180,solve_calls/sec,8a120be7c8408327512ed88a4fcb83736fe7a6b3,Apple_clang_version_17.0.0__clang-1700.0.13.5_,-Wall_-Wextra_-g_-I._-O2,-O2,2026-06-21T08:19:50Z
solver_repeated_solve,solver,repeated,1,1.000000,1000,1,17038,300013.375000,4.667000,5.125000,4.500000,9.625000,4763.468000,4763.468000,209931.083824,solve_calls/sec,8a120be7c8408327512ed88a4fcb83736fe7a6b3,Apple_clang_version_17.0.0__clang-1700.0.13.5_,-Wall_-Wextra_-g_-I._-O2,-O2,2026-06-21T08:19:50Z
solver_repeated_solve,solver,repeated,10,1.000000,1000,1,4893,300050.916000,49.209000,50.459000,48.000000,60.625000,49256.258000,49256.258000,203019.888356,solve_calls/sec,8a120be7c8408327512ed88a4fcb83736fe7a6b3,Apple_clang_version_17.0.0__clang-1700.0.13.5_,-Wall_-Wextra_-g_-I._-O2,-O2,2026-06-21T08:19:50Z
solver_repeated_solve,solver,repeated,100,1.000000,1000,1,631,300099.792000,450.042000,501.083000,447.542000,518.958000,457145.508000,457145.508000,218748.731531,solve_calls/sec,8a120be7c8408327512ed88a4fcb83736fe7a6b3,Apple_clang_version_17.0.0__clang-1700.0.13.5_,-Wall_-Wextra_-g_-I._-O2,-O2,2026-06-21T08:19:50Z
solver_repeated_solve,solver,repeated,1000,1.000000,1000,1,500,2397631.208000,4557.333000,5707.583000,4202.542000,14557.666000,4770490.786000,4770490.786000,209622.037828,solve_calls/sec,8a120be7c8408327512ed88a4fcb83736fe7a6b3,Apple_clang_version_17.0.0__clang-1700.0.13.5_,-Wall_-Wextra_-g_-I._-O2,-O2,2026-06-21T08:19:50Z
solver_join_bindings,solver,simple_join,8,0.500000,1000,1,12051,300017.333000,5.333000,5.375000,5.250000,18.541000,5470.020000,5470.020000,182814.688063,solve_calls/sec,8a120be7c8408327512ed88a4fcb83736fe7a6b3,Apple_clang_version_17.0.0__clang-1700.0.13.5_,-Wall_-Wextra_-g_-I._-O2,-O2,2026-06-21T08:19:50Z
solver_join_bindings,solver,simple_join,16,0.500000,1000,1,10395,300023.042000,9.375000,9.459000,9.209000,19.833000,9586.130000,9586.130000,104317.383553,solve_calls/sec,8a120be7c8408327512ed88a4fcb83736fe7a6b3,Apple_clang_version_17.0.0__clang-1700.0.13.5_,-Wall_-Wextra_-g_-I._-O2,-O2,2026-06-21T08:19:50Z
solver_join_bindings,solver,simple_join,32,0.500000,1000,1,6553,300037.875000,22.708000,23.042000,22.541000,43.375000,22990.218000,22990.218000,43496.760231,solve_calls/sec,8a120be7c8408327512ed88a4fcb83736fe7a6b3,Apple_clang_version_17.0.0__clang-1700.0.13.5_,-Wall_-Wextra_-g_-I._-O2,-O2,2026-06-21T08:19:50Z
solver_join_bindings,solver,simple_join,64,0.500000,1000,1,2551,300097.209000,73.667000,86.084000,71.291000,107.833000,74526.415000,74526.415000,13418.061234,solve_calls/sec,8a120be7c8408327512ed88a4fcb83736fe7a6b3,Apple_clang_version_17.0.0__clang-1700.0.13.5_,-Wall_-Wextra_-g_-I._-O2,-O2,2026-06-21T08:19:50Z
solver_join_bindings,solver,noisy_join,128,0.500000,1000,1,3917,300031.125000,28.458000,36.500000,27.542000,178.000000,30201.361000,30201.361000,33111.090590,solve_calls/sec,8a120be7c8408327512ed88a4fcb83736fe7a6b3,Apple_clang_version_17.0.0__clang-1700.0.13.5_,-Wall_-Wextra_-g_-I._-O2,-O2,2026-06-21T08:19:50Z
solver_join_bindings,solver,noisy_join,512,0.500000,1000,1,819,300316.041000,48.542000,54.208000,46.416000,149.709000,49515.059000,49515.059000,20195.876168,solve_calls/sec,8a120be7c8408327512ed88a4fcb83736fe7a6b3,Apple_clang_version_17.0.0__clang-1700.0.13.5_,-Wall_-Wextra_-g_-I._-O2,-O2,2026-06-21T08:19:50Z
solver_join_bindings,solver,noisy_join,960,0.500000,1000,1,500,503941.417000,71.042000,80.333000,66.542000,97.625000,72540.630000,72540.630000,13785.377932,solve_calls/sec,8a120be7c8408327512ed88a4fcb83736fe7a6b3,Apple_clang_version_17.0.0__clang-1700.0.13.5_,-Wall_-Wextra_-g_-I._-O2,-O2,2026-06-21T08:19:50Z
